{
	"info": {
		"_postman_id": "ef30e208-a7b7-417d-9855-8f758a6f06da",
		"name": "Country-spring-boot",
		"schema": "https://schema.getpostman.com/json/collection/v2.1.0/collection.json"
	},
	"item": [
		{
			"name": "Add country",
			"request": {
				"method": "POST",
				"header": [],
				"body": {
					"mode": "raw",
					"raw": "{\"countryName\":\"UK\"}",
					"options": {
						"raw": {
							"language": "json"
						}
					}
				},
				"url": {
					"raw": "http://localhost:8080/rest/v2/country",
					"protocol": "http",
					"host": [
						"localhost"
					],
					"port": "8080",
					"path": [
						"rest",
						"v2",
						"country"
					],
					"query": [
						{
							"key": "country",
							"value": "SriLanka",
							"disabled": true
						}
					]
				},
				"description": "http://localhost:8080/rest/v2/country"
			},
			"response": []
		},
		{
			"name": "View all countries",
			"request": {
				"method": "GET",
				"header": [],
				"url": {
					"raw": "http://localhost:8080/rest/v2/countries",
					"protocol": "http",
					"host": [
						"localhost"
					],
					"port": "8080",
					"path": [
						"rest",
						"v2",
						"countries"
					]
				}
			},
			"response": []
		},
		{
			"name": "update country by id",
			"request": {
				"method": "POST",
				"header": [],
				"body": {
					"mode": "raw",
					"raw": "  {\r\n    \"id\": 3,\r\n    \"countryName\": \"SLA\"\r\n}",
					"options": {
						"raw": {
							"language": "json"
						}
					}
				},
				"url": {
					"raw": "http://localhost:8080/rest/v2/country",
					"protocol": "http",
					"host": [
						"localhost"
					],
					"port": "8080",
					"path": [
						"rest",
						"v2",
						"country"
					]
				}
			},
			"response": []
		},
		{
			"name": "Delete country by id",
			"request": {
				"method": "DELETE",
				"header": [],
				"url": {
					"raw": "http://localhost:8080/rest/v2/country/1",
					"protocol": "http",
					"host": [
						"localhost"
					],
					"port": "8080",
					"path": [
						"rest",
						"v2",
						"country",
						"1"
					]
				}
			},
			"response": []
		}
	],
	"protocolProfileBehavior": {}
}